Workbook

Sheet Sheet1
A3: Risk_Category | B3: Count of Risk_Category
A4: High Risk | B4: 3
A5: Low Risk | B5: 104
A6: Medium Risk | B6: 43

Sheet Table1
A1: Project_ID | B1: Project_Type | C1: Region | D1: Contract_Type | E1: Complexity | F1: Est_Cost_$M | G1: Actual_Cost_$M | H1: Cost_Overrun_% | I1: Est_Duration_Days | J1: Actual_Duration_Days | K1: Schedule_Overrun_% | L1: Subcontractor_Count | M1: RFI_Count | N1: Change_Order_% | O1: Safety_Incidents | P1: Labor_Shortage | Q1: Material_Delays_Weeks | R1: Risk_Score | S1: Risk_Category | T1: Bid_Recommendation
A2: P0001 | B2: Education | C2: Zionsville | D2: Lump Sum | E2: Low | F2: 13.46 | G2: 15.23 | H2: 13.2 | I2: 137 | J2: 156 | K2: 14.5 | L2: 27 | M2: 10 | N2: 7.4 | O2: 1 | P2: Minor | Q2: 1 | R2: 30.9 | S2: Low Risk | T2: Bid Aggressively
A3: P0002 | B3: Healthcare | C3: Westfield | D3: Lump Sum | E3: Low | F3: 11.62 | G3: 14.2 | H3: 22.2 | I3: 162 | J3: 181 | K3: 12.1 | L3: 21 | M3: 15 | N3: 3.9 | O3: 1 | P3: Minor | Q3: 0 | R3: 33.8 | S3: Low Risk | T3: Bid Aggressively
A4: P0003 | B4: Multifamily | C4: Westfield | D4: Cost-Plus | E4: Low | F4: 31.87 | G4: 35.46 | H4: 11.3 | I4: 363 | J4: 420 | K4: 15.7 | L4: 8 | M4: 16 | N4: 2.9 | O4: 1 | P4: N/A | Q4: 0 | R4: 23.2 | S4: Low Risk | T4: Bid Aggressively
A5: P0004 | B5: Infrastructure | C5: Carmel | D5: Cost-Plus | E5: High | F5: 36.61 | G5: 42.99 | H5: 17.4 | I5: 560 | J5: 703 | K5: 25.7 | L5: 21 | M5: 17 | N5: 5.6 | O5: 2 | P5: N/A | Q5: 0 | R5: 38.2 | S5: Medium Risk | T5: Bid with Contingency
A6: P0005 | B6: Education | C6: Westfield | D6: Cost-Plus | E6: High | F6: 32.15 | G6: 35.42 | H6: 10.2 | I6: 271 | J6: 281 | K6: 4 | L6: 11 | M6: 78 | N6: 0.6 | O6: 3 | P6: Significant | Q6: 2 | R6: 34.6 | S6: Low Risk | T6: Bid Aggressively
A7: P0006 | B7: Industrial | C7: Zionsville | D7: Cost-Plus | E7: Medium | F7: 37.78 | G7: 38.18 | H7: 1.1 | I7: 363 | J7: 387 | K7: 6.9 | L7: 15 | M7: 20 | N7: 7.3 | O7: 0 | P7: Significant | Q7: 1 | R7: 18.5 | S7: Low Risk | T7: Bid Aggressively
A8: P0007 | B8: Multifamily | C8: Zionsville | D8: GMP | E8: High | F8: 12.15 | G8: 12.4 | H8: 2.1 | I8: 153 | J8: 158 | K8: 3.7 | L8: 12 | M8: 99 | N8: 13.4 | O8: 1 | P8: Minor | Q8: 1 | R8: 32.8 | S8: Low Risk | T8: Bid Aggressively
A9: P0008 | B9: Healthcare | C9: Carmel | D9: GMP | E9: Low | F9: 18.95 | G9: 20.12 | H9: 6.2 | I9: 164 | J9: 188 | K9: 15.1 | L9: 22 | M9: 56 | N9: 0 | O9: 0 | P9: Minor | Q9: 0 | R9: 20.9 | S9: Low Risk | T9: Bid Aggressively
A10: P0009 | B10: Education | C10: Carmel | D10: Design-Build | E10: Low | F10: 7.57 | G10: 7.86 | H10: 3.8 | I10: 116 | J10: 135 | K10: 17.2 | L10: 21 | M10: 19 | N10: 0.2 | O10: 1 | P10: Significant | Q10: 0 | R10: 21 | S10: Low Risk | T10: Bid Aggressively
A11: P0010 | B11: Commercial | C11: Fishers | D11: GMP | E11: High | F11: 5.45 | G11: 6.07 | H11: 11.4 | I11: 46 | J11: 52 | K11: 13.3 | L11: 7 | M11: 20 | N11: 6.3 | O11: 0 | P11: Minor | Q11: 1 | R11: 25.9 | S11: Low Risk | T11: Bid Aggressively
A12: P0011 | B12: Industrial | C12: Fishers | D12: Design-Build | E12: High | F12: 24.52 | G12: 26.18 | H12: 6.8 | I12: 434 | J12: 593 | K12: 36.7 | L12: 4 | M12: 70 | N12: 7.4 | O12: 0 | P12: Significant | Q12: 2 | R12: 41.5 | S12: Medium Risk | T12: Bid with Contingency
A13: P0012 | B13: Education | C13: Carmel | D13: Cost-Plus | E13: Low | F13: 20.41 | G13: 19.54 | H13: -4.3 | I13: 255 | J13: 318 | K13: 25 | L13: 27 | M13: 56 | N13: 0 | O13: 0 | P13: Minor | Q13: 0 | R13: 17.2 | S13: Low Risk | T13: Bid Aggressively
... A151: P0150 | B151: Infrastructure | C151: Greenwood | D151: Lump Sum | E151: High | F151: 23.57 | G151: 25.36 | H151: 7.6 | I151: 421 | J151: 526 | K151: 25.1 | L151: 21 | M151: 8 | N151: 3.3 | O151: 2 | P151: N/A | Q151: 0 | R151: 27.1 | S151: Low Risk | T151: Bid Aggressively

Sheet Project Risk Data
A1: Project_ID | B1: Project_Type | C1: Region | D1: Contract_Type | E1: Complexity | F1: Est_Cost_$M | G1: Actual_Cost_$M | H1: Cost_Overrun_% | I1: Est_Duration_Days | J1: Actual_Duration_Days | K1: Schedule_Overrun_% | L1: Subcontractor_Count | M1: RFI_Count | N1: Change_Order_% | O1: Safety_Incidents | P1: Labor_Shortage | Q1: Material_Delays_Weeks | R1: Risk_Score | S1: Risk_Category | T1: Bid_Recommendation
A2: P0001 | B2: Education | C2: Zionsville | D2: Lump Sum | E2: Low | F2: 13.46 | G2: 15.23 | H2: 13.2 | I2: 137 | J2: 156 | K2: 14.5 | L2: 27 | M2: 10 | N2: 7.4 | O2: 1 | P2: Minor | Q2: 1 | R2: 30.9 | S2: Low Risk | T2: Bid Aggressively
A3: P0002 | B3: Healthcare | C3: Westfield | D3: Lump Sum | E3: Low | F3: 11.62 | G3: 14.2 | H3: 22.2 | I3: 162 | J3: 181 | K3: 12.1 | L3: 21 | M3: 15 | N3: 3.9 | O3: 1 | P3: Minor | Q3: 0 | R3: 33.8 | S3: Low Risk | T3: Bid Aggressively
A4: P0003 | B4: Multifamily | C4: Westfield | D4: Cost-Plus | E4: Low | F4: 31.87 | G4: 35.46 | H4: 11.3 | I4: 363 | J4: 420 | K4: 15.7 | L4: 8 | M4: 16 | N4: 2.9 | O4: 1 | P4: N/A | Q4: 0 | R4: 23.2 | S4: Low Risk | T4: Bid Aggressively
A5: P0004 | B5: Infrastructure | C5: Carmel | D5: Cost-Plus | E5: High | F5: 36.61 | G5: 42.99 | H5: 17.4 | I5: 560 | J5: 703 | K5: 25.7 | L5: 21 | M5: 17 | N5: 5.6 | O5: 2 | P5: N/A | Q5: 0 | R5: 38.2 | S5: Medium Risk | T5: Bid with Contingency
A6: P0005 | B6: Education | C6: Westfield | D6: Cost-Plus | E6: High | F6: 32.15 | G6: 35.42 | H6: 10.2 | I6: 271 | J6: 281 | K6: 4 | L6: 11 | M6: 78 | N6: 0.6 | O6: 3 | P6: Significant | Q6: 2 | R6: 34.6 | S6: Low Risk | T6: Bid Aggressively
A7: P0006 | B7: Industrial | C7: Zionsville | D7: Cost-Plus | E7: Medium | F7: 37.78 | G7: 38.18 | H7: 1.1 | I7: 363 | J7: 387 | K7: 6.9 | L7: 15 | M7: 20 | N7: 7.3 | O7: 0 | P7: Significant | Q7: 1 | R7: 18.5 | S7: Low Risk | T7: Bid Aggressively
A8: P0007 | B8: Multifamily | C8: Zionsville | D8: GMP | E8: High | F8: 12.15 | G8: 12.4 | H8: 2.1 | I8: 153 | J8: 158 | K8: 3.7 | L8: 12 | M8: 99 | N8: 13.4 | O8: 1 | P8: Minor | Q8: 1 | R8: 32.8 | S8: Low Risk | T8: Bid Aggressively
A9: P0008 | B9: Healthcare | C9: Carmel | D9: GMP | E9: Low | F9: 18.95 | G9: 20.12 | H9: 6.2 | I9: 164 | J9: 188 | K9: 15.1 | L9: 22 | M9: 56 | N9: 0 | O9: 0 | P9: Minor | Q9: 0 | R9: 20.9 | S9: Low Risk | T9: Bid Aggressively
A10: P0009 | B10: Education | C10: Carmel | D10: Design-Build | E10: Low | F10: 7.57 | G10: 7.86 | H10: 3.8 | I10: 116 | J10: 135 | K10: 17.2 | L10: 21 | M10: 19 | N10: 0.2 | O10: 1 | P10: Significant | Q10: 0 | R10: 21 | S10: Low Risk | T10: Bid Aggressively
A11: P0010 | B11: Commercial | C11: Fishers | D11: GMP | E11: High | F11: 5.45 | G11: 6.07 | H11: 11.4 | I11: 46 | J11: 52 | K11: 13.3 | L11: 7 | M11: 20 | N11: 6.3 | O11: 0 | P11: Minor | Q11: 1 | R11: 25.9 | S11: Low Risk | T11: Bid Aggressively
A12: P0011 | B12: Industrial | C12: Fishers | D12: Design-Build | E12: High | F12: 24.52 | G12: 26.18 | H12: 6.8 | I12: 434 | J12: 593 | K12: 36.7 | L12: 4 | M12: 70 | N12: 7.4 | O12: 0 | P12: Significant | Q12: 2 | R12: 41.5 | S12: Medium Risk | T12: Bid with Contingency
A13: P0012 | B13: Education | C13: Carmel | D13: Cost-Plus | E13: Low | F13: 20.41 | G13: 19.54 | H13: -4.3 | I13: 255 | J13: 318 | K13: 25 | L13: 27 | M13: 56 | N13: 0 | O13: 0 | P13: Minor | Q13: 0 | R13: 17.2 | S13: Low Risk | T13: Bid Aggressively
... A151: P0150 | B151: Infrastructure | C151: Greenwood | D151: Lump Sum | E151: High | F151: 23.57 | G151: 25.36 | H151: 7.6 | I151: 421 | J151: 526 | K151: 25.1 | L151: 21 | M151: 8 | N151: 3.3 | O151: 2 | P151: N/A | Q151: 0 | R151: 27.1 | S151: Low Risk | T151: Bid Aggressively

Sheet Risk Distribution
A1: Project_ID | B1: Project_Type | C1: Region | D1: Contract_Type | E1: Complexity | F1: Est_Cost_$M | G1: Actual_Cost_$M | H1: Cost_Overrun_% | I1: Est_Duration_Days | J1: Actual_Duration_Days | K1: Schedule_Overrun_% | L1: Subcontractor_Count | M1: RFI_Count | N1: Change_Order_% | O1: Safety_Incidents | P1: Labor_Shortage | Q1: Material_Delays_Weeks | R1: Risk_Score | S1: Risk_Category | T1: Bid_Recommendation
A2: P0001 | B2: Education | C2: Zionsville | D2: Lump Sum | E2: Low | F2: 13.46 | G2: 15.23 | H2: 13.2 | I2: 137 | J2: 156 | K2: 14.5 | L2: 27 | M2: 10 | N2: 7.4 | O2: 1 | P2: Minor | Q2: 1 | R2: 30.9 | S2: Low Risk | T2: Bid Aggressively
A3: P0002 | B3: Healthcare | C3: Westfield | D3: Lump Sum | E3: Low | F3: 11.62 | G3: 14.2 | H3: 22.2 | I3: 162 | J3: 181 | K3: 12.1 | L3: 21 | M3: 15 | N3: 3.9 | O3: 1 | P3: Minor | Q3: 0 | R3: 33.8 | S3: Low Risk | T3: Bid Aggressively
A4: P0003 | B4: Multifamily | C4: Westfield | D4: Cost-Plus | E4: Low | F4: 31.87 | G4: 35.46 | H4: 11.3 | I4: 363 | J4: 420 | K4: 15.7 | L4: 8 | M4: 16 | N4: 2.9 | O4: 1 | P4: None | Q4: 0 | R4: 23.2 | S4: Low Risk | T4: Bid Aggressively
A5: P0004 | B5: Infrastructure | C5: Carmel | D5: Cost-Plus | E5: High | F5: 36.61 | G5: 42.99 | H5: 17.4 | I5: 560 | J5: 703 | K5: 25.7 | L5: 21 | M5: 17 | N5: 5.6 | O5: 2 | P5: None | Q5: 0 | R5: 38.2 | S5: Medium Risk | T5: Bid with Contingency
A6: P0005 | B6: Education | C6: Westfield | D6: Cost-Plus | E6: High | F6: 32.15 | G6: 35.42 | H6: 10.2 | I6: 271 | J6: 281 | K6: 4 | L6: 11 | M6: 78 | N6: 0.6 | O6: 3 | P6: Significant | Q6: 2 | R6: 34.6 | S6: Low Risk | T6: Bid Aggressively
A7: P0006 | B7: Industrial | C7: Zionsville | D7: Cost-Plus | E7: Medium | F7: 37.78 | G7: 38.18 | H7: 1.1 | I7: 363 | J7: 387 | K7: 6.9 | L7: 15 | M7: 20 | N7: 7.3 | O7: 0 | P7: Significant | Q7: 1 | R7: 18.5 | S7: Low Risk | T7: Bid Aggressively
A8: P0007 | B8: Multifamily | C8: Zionsville | D8: GMP | E8: High | F8: 12.15 | G8: 12.4 | H8: 2.1 | I8: 153 | J8: 158 | K8: 3.7 | L8: 12 | M8: 99 | N8: 13.4 | O8: 1 | P8: Minor | Q8: 1 | R8: 32.8 | S8: Low Risk | T8: Bid Aggressively
A9: P0008 | B9: Healthcare | C9: Carmel | D9: GMP | E9: Low | F9: 18.95 | G9: 20.12 | H9: 6.2 | I9: 164 | J9: 188 | K9: 15.1 | L9: 22 | M9: 56 | N9: 0 | O9: 0 | P9: Minor | Q9: 0 | R9: 20.9 | S9: Low Risk | T9: Bid Aggressively
A10: P0009 | B10: Education | C10: Carmel | D10: Design-Build | E10: Low | F10: 7.57 | G10: 7.86 | H10: 3.8 | I10: 116 | J10: 135 | K10: 17.2 | L10: 21 | M10: 19 | N10: 0.2 | O10: 1 | P10: Significant | Q10: 0 | R10: 21 | S10: Low Risk | T10: Bid Aggressively
A11: P0010 | B11: Commercial | C11: Fishers | D11: GMP | E11: High | F11: 5.45 | G11: 6.07 | H11: 11.4 | I11: 46 | J11: 52 | K11: 13.3 | L11: 7 | M11: 20 | N11: 6.3 | O11: 0 | P11: Minor | Q11: 1 | R11: 25.9 | S11: Low Risk | T11: Bid Aggressively
A12: P0011 | B12: Industrial | C12: Fishers | D12: Design-Build | E12: High | F12: 24.52 | G12: 26.18 | H12: 6.8 | I12: 434 | J12: 593 | K12: 36.7 | L12: 4 | M12: 70 | N12: 7.4 | O12: 0 | P12: Significant | Q12: 2 | R12: 41.5 | S12: Medium Risk | T12: Bid with Contingency
A13: P0012 | B13: Education | C13: Carmel | D13: Cost-Plus | E13: Low | F13: 20.41 | G13: 19.54 | H13: -4.3 | I13: 255 | J13: 318 | K13: 25 | L13: 27 | M13: 56 | N13: 0 | O13: 0 | P13: Minor | Q13: 0 | R13: 17.2 | S13: Low Risk | T13: Bid Aggressively
... A151: P0150 | B151: Infrastructure | C151: Greenwood | D151: Lump Sum | E151: High | F151: 23.57 | G151: 25.36 | H151: 7.6 | I151: 421 | J151: 526 | K151: 25.1 | L151: 21 | M151: 8 | N151: 3.3 | O151: 2 | P151: None | Q151: 0 | R151: 27.1 | S151: Low Risk | T151: Bid Aggressively

Sheet Dashboard
A1: RISK AND FIELD PERFORMANCE DASHBOARD
A4: PROJECT RISK SUMMARY (152 Projects) | I4: FIELD SENSOR DELAY RISK SUMMARY (10,000 Readings)
A5: High Risk Projects | C5: Medium Risk Projects | E5: Low Risk Projects | I5: Delay Risk Flagged | K5: No Delay Risk | M5: % Flagged
A6: =COUNTIF('Risk Distribution'!S:S,"High Risk") -> 3 | C6: =COUNTIF('Risk Distribution'!S:S,"Medium Risk") -> 43 | E6: =COUNTIF('Risk Distribution'!S:S,"Low Risk") -> 104 | I6: =COUNTIF('Sensor Data'!P:P,1) -> 4935 | K6: =COUNTIF('Sensor Data'!P:P,0) -> 5065 | M6: =ROUND(COUNTIF('Sensor Data'!P:P,1)/COUNTIF('Sensor Data'!P:P,">=0")*100,1)&"%" -> 49.4%
A8: Avg Cost Overrun | C8: Avg Schedule Overrun | E8: Avg RFI Count | I8: Avg Efficiency Index (DelayRisk = 1) | K8: Avg Efficiency Index (Overall) | M8: Avg Product. Index (DelayRisk = 0)
A9: =ROUND(AVERAGE('Risk Distribution'!H:H),1)&"%" -> 9.2% | C9: =ROUND(AVERAGE('Risk Distribution'!K:K),1)&"%" -> 16.7% | E9: =AVERAGE('Risk Distribution'!M:M) -> 44.333333 | I9: =AVERAGEIF('Sensor Data'!P:P,1,'Sensor Data'!R:R) -> -12.667937 | K9: =AVERAGE('Sensor Data'!R:R) -> 0.09510317 | M9: =AVERAGEIF('Sensor Data'!P:P,1,'Sensor Data'!Q:Q) -> 2.4000016
I10: Avg Utilization (DelayRisk = 0) | M10: Avg Productivity Index (DelayRisk = 0)
I11: =AVERAGEIF('Sensor Data'!P:P,0,'Sensor Data'!K:K) -> 87.530563 | M11: =AVERAGEIF('Sensor Data'!P:P,0,'Sensor Data'!Q:Q) -> 2.3495425
A13: RISK DISTRIBUTION BY PROJECT TYPE | H13: DELAY RISK BY OPTIMIZATION SUGGESTION | M13: COST OVERRUN AND SCHEDULEOVERRUN BY CONTRACT TYPE
A14: Project Type | B14: Total | C14: High Risk | D14: Med Risk | E14: Low Risk | F14: Bid Aggressive | H14: Optimization Suggestion | I14: Total | J14: Delay Count | K14: Delay % | M14: Contract Type | N14: Avg Cost Ov% | O14: Avg Sched Ov% | P14: # Projects
A15: Commercial | B15: =COUNTIF('Risk Distribution'!B:B,"Commercial") -> 24 | C15: =COUNTIFS('Risk Distribution'!B:B,"Commercial",'Risk Distribution'!S:S,"High Risk") -> 1 | D15: =COUNTIFS('Risk Distribution'!B:B,"Commercial",'Risk Distribution'!S:S,"Medium Risk") -> 7 | E15: =COUNTIFS('Risk Distribution'!B:B,"Commercial",'Risk Distribution'!S:S,"Low Risk") -> 16 | F15: =E15 -> 16 | H15: Adjust Schedule | I15: =COUNTIF('Sensor Data'!N:N,"Adjust Schedule") -> 1930 | J15: =COUNTIFS('Sensor Data'!N:N,"Adjust Schedule",'Sensor Data'!P:P,1) -> 987 | K15: =ROUND(COUNTIFS('Sensor Data'!N:N,"Adjust Schedule",'Sensor Data'!P:P,1)/COUNTIF('Sensor Data'!N:N,"Adjust Schedule")*100,1)&"%" -> 51.1% | M15: Lump Sum | N15: =ROUND(AVERAGEIF('Risk Distribution'!D:D,"Lump Sum",'Risk Distribution'!H:H),1)/100 -> 0.11 | O15: =ROUND(AVERAGEIF('Risk Distribution'!D:D,"Lump Sum",'Risk Distribution'!K:K),1)/100 -> 0.167 | P15: =COUNTIF('Risk Distribution'!$D:$D,M15) -> 42
A16: Education | B16: =COUNTIF('Project Risk Data'!B:B,"Education") -> 28 | C16: =COUNTIFS('Risk Distribution'!B:B,"Education",'Risk Distribution'!S:S,"High Risk") -> 1 | D16: =COUNTIFS('Risk Distribution'!B:B,"Education",'Risk Distribution'!S:S,"Medium Risk") -> 10 | E16: =COUNTIFS('Risk Distribution'!B:B,"Education",'Risk Distribution'!S:S,"Low Risk") -> 17 | F16: =E16 -> 17 | H16: Enhance Safety Measures | I16: =COUNTIF('Sensor Data'!N:N,"Enhance Safety Measures") -> 2040 | J16: =COUNTIFS('Sensor Data'!N:N,"Enhance Safety Measures",'Sensor Data'!P:P,1) -> 1001 | K16: =ROUND(COUNTIFS('Sensor Data'!N:N,"Enhance Safety Measures",'Sensor Data'!P:P,1)/COUNTIF('Sensor Data'!N:N,"Enhance Safety Measures")*100,1)&"%" -> 49.1% | M16: GMP | N16: =ROUND(AVERAGEIF('Risk Distribution'!D:D,"GMP",'Risk Distribution'!H:H),1)/100 -> 0.1 | O16: =ROUND(AVERAGEIF('Risk Distribution'!D:D,"GMP",'Risk Distribution'!K:K),1)/100 -> 0.181 | P16: =COUNTIF('Risk Distribution'!$D:$D,M16) -> 31
A17: Healthcare | B17: =COUNTIF('Risk Distribution'!B:B,"Healthcare") -> 25 | C17: =COUNTIFS('Risk Distribution'!B:B,"Healthcare",'Risk Distribution'!S:S,"High Risk") -> 0 | D17: =COUNTIFS('Risk Distribution'!B:B,"Healthcare",'Risk Distribution'!S:S,"Medium Risk") -> 7 | E17: =COUNTIFS('Project Risk Data'!B:B,"Healthcare",'Project Risk Data'!S:S,"Low Risk") -> 18 | F17: =E17 -> 18 | H17: Increase Machinery Efficiency | I17: =COUNTIF('Sensor Data'!N:N,"Increase Machinery Efficiency") -> 2029 | J17: =COUNTIFS('Sensor Data'!N:N,"Increase Machinery Efficiency",'Sensor Data'!P:P,1) -> 1012 | K17: =ROUND(COUNTIFS('Sensor Data'!N:N,"Increase Machinery Efficiency",'Sensor Data'!P:P,1)/COUNTIF('Sensor Data'!N:N,"Increase Machinery Efficiency")*100,1)&"%" -> 49.9% | M17: Cost-Plus | N17: =ROUND(AVERAGEIF('Risk Distribution'!D:D,"Cost-Plus",'Risk Distribution'!H:H),1)/100 -> 0.055 | O17: =ROUND(AVERAGEIF('Risk Distribution'!D:D,"Cost-Plus",'Risk Distribution'!K:K),1)/100 -> 0.154 | P17: =COUNTIF('Risk Distribution'!$D:$D,M17) -> 47
A18: Industrial | B18: =COUNTIF('Project Risk Data'!B:B,"Industrial") -> 29 | C18: =COUNTIFS('Risk Distribution'!B:B,"Industrial",'Risk Distribution'!S:S,"High Risk") -> 0 | D18: =COUNTIFS('Risk Distribution'!B:B,"Industrial",'Risk Distribution'!S:S,"Medium Risk") -> 8 | E18: =COUNTIFS('Risk Distribution'!B:B,"Industrial",'Risk Distribution'!S:S,"Low Risk") -> 21 | F18: =E18 -> 21 | H18: Optimize Material Usage | I18: =COUNTIF('Sensor Data'!N:N,"Optimize Material Usage") -> 1999 | J18: =COUNTIFS('Sensor Data'!N:N,"Optimize Material Usage",'Sensor Data'!P:P,1) -> 973 | K18: =ROUND(COUNTIFS('Sensor Data'!N:N,"Optimize Material Usage",'Sensor Data'!P:P,1)/COUNTIF('Sensor Data'!N:N,"Optimize Material Usage")*100,1)&"%" -> 48.7% | M18: Design-Build | N18: =ROUND(AVERAGEIF('Risk Distribution'!D:D,"Design-Build",'Risk Distribution'!H:H),1)/100 -> 0.117 | O18: =ROUND(AVERAGEIF('Risk Distribution'!D:D,"Design-Build",'Risk Distribution'!K:K),1)/100 -> 0.173 | P18: =COUNTIF('Risk Distribution'!$D:$D,M18) -> 30
A19: Infrastructure | B19: =COUNTIF('Risk Distribution'!B:B,"Infrastructure") -> 19 | C19: =COUNTIFS('Risk Distribution'!B:B,"Infrastructure",'Risk Distribution'!S:S,"High Risk") -> 1 | D19: =COUNTIFS('Risk Distribution'!B:B,"Infrastructure",'Risk Distribution'!S:S,"Medium Risk") -> 9 | E19: =COUNTIFS('Risk Distribution'!B:B,"Infrastructure",'Project Risk Data'!S:S,"Low Risk") -> 9 | F19: =E19 -> 9 | H19: Reallocate Workers | I19: =COUNTIF('Sensor Data'!N:N,"Reallocate Workers") -> 2002 | J19: =COUNTIFS('Sensor Data'!N:N,"Reallocate Workers",'Sensor Data'!P:P,1) -> 962 | K19: =ROUND(COUNTIFS('Sensor Data'!N:N,"Reallocate Workers",'Sensor Data'!P:P,1)/COUNTIF('Sensor Data'!N:N,"Reallocate Workers")*100,1)&"%" -> 48.1%
A20: Multifamily | B20: =COUNTIF('Risk Distribution'!B:B,"Multifamily") -> 25 | C20: =COUNTIFS('Risk Distribution'!B:B,"Multifamily",'Risk Distribution'!S:S,"High Risk") -> 0 | D20: =COUNTIFS('Risk Distribution'!B:B,"Multifamily",'Risk Distribution'!S:S,"Medium Risk") -> 2 | E20: =COUNTIFS('Project Risk Data'!B:B,"Multifamily",'Risk Distribution'!S:S,"Low Risk") -> 23 | F20: =E20 -> 23

Sheet Sensor Data
A1: Timestamp | B1: Sensor_ID | C1: Temperature | D1: Humidity | E1: Vibration | F1: Material_Usage | G1: Energy_Consumption | H1: Worker_Count | I1: Task_Progress | J1: Safety_Incidents | K1: Resource_Utilization | L1: Risk_Score | M1: Simulation_Accuracy | N1: Optimization_Suggestion | O1: Performance_Score | P1: DelayRisk | Q1: Productivity_Index | R1: Efficiency_Index | S1: Risk_Group
A2: 44927 | B2: Sensor_41 | C2: 26.236204 | D2: 42.418449 | E2: 36.499916 | F2: 674.33011 | G2: 184.51042 | H2: 18 | I2: 0.086505982 | J2: 0 | K2: 86.518381 | L2: 32.607806 | M2: 81.458493 | N2: Enhance Safety Measures | O2: Exceptional | P2: 0 | Q2: 0.0048058879 | R2: 11.518381 | S2: Low Risk
A3: 44927.001 | B3: Sensor_27 | C3: 43.521429 | D3: 39.974726 | E3: 9.2255998 | F3: 513.36321 | G3: 92.667999 | H3: 79 | I3: 0.16288833 | J3: 0 | K3: 91.003107 | L3: 98.116388 | M3: 83.014287 | N3: Adjust Schedule | O3: Exceptional | P3: 0 | Q3: 0.0020618776 | R3: 16.003107 | S3: Low Risk
A4: 44927.001 | B4: Sensor_20 | C4: 36.959818 | D4: 30.569235 | E4: 17.331985 | F4: 968.04867 | G4: 106.86165 | H4: 33 | I4: 0.24135537 | J4: 0 | K4: 56.74197 | L4: 85.460188 | M4: 80.202505 | N4: Reallocate Workers | O4: Exceptional | P4: 1 | Q4: 0.0073137989 | R4: -18.25803 | S4: High Risk
A5: 44927.002 | B5: Sensor_31 | C5: 32.959755 | D5: 56.436 | E5: 33.164032 | F5: 297.08061 | G5: 131.30201 | H5: 99 | I5: 0.26739203 | J5: 0 | K5: 83.964498 | L5: 14.811443 | M5: 81.966505 | N5: Enhance Safety Measures | O5: Exceptional | P5: 0 | Q5: 0.0027009296 | R5: 8.9644983 | S5: Low Risk
A6: 44927.003 | B6: Sensor_12 | C6: 19.680559 | D6: 48.59745 | E6: 24.104467 | F6: 629.07077 | G6: 141.644 | H6: 74 | I6: 0.32195609 | J6: 0 | K6: 96.045832 | L6: 20.387714 | M6: 91.292507 | N6: Increase Machinery Efficiency | O6: Exceptional | P6: 0 | Q6: 0.0043507579 | R6: 21.045832 | S6: Low Risk
A7: 44927.003 | B7: Sensor_89 | C7: 19.679836 | D7: 71.94206 | E7: 36.928552 | F7: 730.18901 | G7: 159.01781 | H7: 96 | I7: 0.3344348 | J7: 0 | K7: 62.571298 | L7: 74.85837 | M7: 84.877324 | N7: Optimize Material Usage | O7: Exceptional | P7: 1 | Q7: 0.0034836959 | R7: -12.428702 | S7: High Risk
A8: 44927.004 | B8: Sensor_98 | C8: 16.742508 | D8: 21.926575 | E8: 48.060395 | F8: 843.00804 | G8: 164.95701 | H8: 26 | I8: 0.37279282 | J8: 0 | K8: 79.25043 | L8: 2.5751766 | M8: 81.307615 | N8: Adjust Schedule | O8: Exceptional | P8: 0 | Q8: 0.014338185 | R8: 4.2504304 | S8: Medium Risk
A9: 44927.005 | B9: Sensor_54 | C9: 40.985284 | D9: 58.632076 | E9: 5.8273344 | F9: 466.27393 | G9: 255.07236 | H9: 46 | I9: 0.41411458 | J9: 0 | K9: 63.729414 | L9: 33.545043 | M9: 82.574187 | N9: Enhance Safety Measures | O9: Exceptional | P9: 1 | Q9: 0.0090024908 | R9: -11.270586 | S9: High Risk
A10: 44927.006 | B10: Sensor_90 | C10: 33.03345 | D10: 65.776933 | E10: 35.478386 | F10: 718.22972 | G10: 279.30794 | H10: 59 | I10: 0.50634669 | J10: 0 | K10: 88.720371 | L10: 53.251853 | M10: 80.819708 | N10: Enhance Safety Measures | O10: Exceptional | P10: 0 | Q10: 0.0085821473 | R10: 13.720371 | S10: Low Risk
A11: 44927.006 | B11: Sensor_49 | C11: 36.242177 | D11: 65.569194 | E11: 11.517208 | F11: 372.88132 | G11: 188.99564 | H11: 54 | I11: 0.60569714 | J11: 0 | K11: 79.033002 | L11: 20.49111 | M11: 94.762202 | N11: Increase Machinery Efficiency | O11: Exceptional | P11: 0 | Q11: 0.011216614 | R11: 4.0330019 | S11: Medium Risk
A12: 44927.007 | B12: Sensor_99 | C12: 15.617535 | D12: 73.164438 | E12: 20.723836 | F12: 491.92848 | G12: 458.28339 | H12: 29 | I12: 0.67129427 | J12: 0 | K12: 71.403817 | L12: 87.315113 | M12: 90.668265 | N12: Adjust Schedule | O12: Exceptional | P12: 1 | Q12: 0.023148078 | R12: -3.5961826 | S12: Medium Risk
A13: 44927.008 | B13: Sensor_40 | C13: 44.097296 | D13: 63.742025 | E13: 1.6431363 | F13: 906.06442 | G13: 298.91288 | H13: 68 | I13: 0.72780346 | J13: 1 | K13: 51.449399 | L13: 88.926815 | M13: 89.008541 | N13: Reallocate Workers | O13: Exceptional | P13: 1 | Q13: 0.010702992 | R13: -23.550601 | S13: High Risk
... A10001: 44933.944 | B10001: Sensor_35 | C10001: 21.514212 | D10001: 30.335889 | E10001: 12.869899 | F10001: 538.68133 | G10001: 437.76802 | H10001: 36 | I10001: 100 | J10001: 0 | K10001: 82.86983 | L10001: 8.6592967 | M10001: 86.404207 | N10001: Enhance Safety Measures | O10001: Exceptional | P10001: 0 | Q10001: 2.7777778 | R10001: 7.8698299 | S10001: Medium Risk
